"Specie","Assembly_level","Data_Bank","Accession","TaxID"
"Castanea crenata","Chromosome","Castanea Genome Database","PMID: 34424280 - <a href=""http://castaneadb.net/#/genomeInfo?id=10348001"" target=""_blank"">website</a>","<a href=""https://www.ncbi.nlm.nih.gov/Taxonomy/Browser/wwwtax.cgi?mode=Info&id=103480"" target=""_blank"">103480</a>"
"Castanea dentata","Chromosome","Phytozome","<a href=""https://phytozome-next.jgi.doe.gov/info/Cdentata_v1_1"" target=""_blank"">Phytozome genome ID: 673</a>","<a href=""https://www.ncbi.nlm.nih.gov/Taxonomy/Browser/wwwtax.cgi?mode=Info&id=134033"" target=""_blank"">134033</a>"
"Castanea mollissima 'Vanuxem'","Scaffold","NCBI","<a href=""https://www.ncbi.nlm.nih.gov/datasets/genome/GCA_000763605.2/"" target=""_blank"">GCA_000763605.2</a>","<a href=""https://www.ncbi.nlm.nih.gov/Taxonomy/Browser/wwwtax.cgi?mode=Info&id=60419"" target=""_blank"">60419</a>"
"Castanea mollissima 'N-11'","Chromosome","Castanea Genome Database","PMID: 32847817 - <a href=""http://castaneadb.net/#/genomeInfo?id=6041902"" target=""_blank"">website</a>","<a href=""https://www.ncbi.nlm.nih.gov/Taxonomy/Browser/wwwtax.cgi?mode=Info&id=60419"" target=""_blank"">60419</a>"
"Castanea mollissima 'H7'","Chromosome","Castanea Genome Database","PMID: 35958219 - <a href=""http://castaneadb.net/#/genomeInfo?id=6041905"" target=""_blank"">website</a>","<a href=""https://www.ncbi.nlm.nih.gov/Taxonomy/Browser/wwwtax.cgi?mode=Info&id=60419"" target=""_blank"">60419</a>"
"Castanea sativa","Chromosome","NCBI / Other","<a href=""https://www.ncbi.nlm.nih.gov/datasets/genome/GCA_040712315.1/"" target=""_blank"">GCA_040712315.1</a>","<a href=""https://www.ncbi.nlm.nih.gov/Taxonomy/Browser/wwwtax.cgi?mode=Info&id=21020"" target=""_blank"">21020</a>"
"Castanopsis carlesii","Chromosome","NGDC","<a href=""https://ngdc.cncb.ac.cn/gwh/Assembly/85209/show"" target=""_blank"">GWHETSE00000000.1</a>","<a href=""https://www.ncbi.nlm.nih.gov/Taxonomy/Browser/wwwtax.cgi?mode=Info&id=167382"" target=""_blank"">167382</a>"
"Castanopsis eyrei","Chromosome","NGDC","<a href=""https://ngdc.cncb.ac.cn/gwh/Assembly/85214/show"" target=""_blank"">GWHETSM00000000.1</a>","<a href=""https://www.ncbi.nlm.nih.gov/Taxonomy/Browser/wwwtax.cgi?mode=Info&id=425820"" target=""_blank"">425820</a>"
"Castanopsis hystrix","Chromosome","NGDC","<a href=""https://ngdc.cncb.ac.cn/gwh/Assembly/34326/show"" target=""_blank"">GWHBWDD00000000</a>","<a href=""https://www.ncbi.nlm.nih.gov/Taxonomy/Browser/wwwtax.cgi?mode=Info&id=167390"" target=""_blank"">167390</a>"
"Fagus crenata","Scaffold","NCBI","<a href=""https://www.ncbi.nlm.nih.gov/datasets/genome/GCA_014362285.1/"" target=""_blank"">GCA_014362285.1</a>","<a href=""https://www.ncbi.nlm.nih.gov/Taxonomy/Browser/wwwtax.cgi?mode=Info&id=28929"" target=""_blank"">28929</a>"
"Fagus grandifolia","Scaffold","TreeGenes","<a href=""https://treegenesdb.org/org/Fagus-grandifolia"" target=""_blank"">TreeGenes Code: Faga</a>","<a href=""https://www.ncbi.nlm.nih.gov/Taxonomy/Browser/wwwtax.cgi?mode=Info&id=60423"" target=""_blank"">60423</a>"
"Fagus sylvatica","Scaffold","TreeGenes","<a href=""https://treegenesdb.org/org/Fagus-sylvatica"" target=""_blank"">TreeGenes Code: Fasy</a>","<a href=""https://www.ncbi.nlm.nih.gov/Taxonomy/Browser/wwwtax.cgi?mode=Info&id=28930"" target=""_blank"">28930</a>"
"Lithocarpus litseifolius","Chromosome","NGDC","<a href=""https://ngdc.cncb.ac.cn/gwh/ncbi_assembly/2390473/show"" target=""_blank"">GCA_040182985.1</a>","<a href=""https://www.ncbi.nlm.nih.gov/Taxonomy/Browser/wwwtax.cgi?mode=Info&id=425828"" target=""_blank"">425828</a>"
"Lithocarpus polystachus","Chromosome","NGDC","<a href=""https://ngdc.cncb.ac.cn/gwh/Assembly/67948/show"" target=""_blank"">GWHDTWN00000000</a>","<a href=""https://www.ncbi.nlm.nih.gov/Taxonomy/Browser/wwwtax.cgi?mode=Info&id=2518020"" target=""_blank"">2518020</a>"
"Notholithocarpus densiflorus","Scaffold","Phytozome","<a href=""https://phytozome-next.jgi.doe.gov/info/NdensiflorusRogue1HAP1_v1_1"" target=""_blank"">Phytozome genome ID: 825</a>","<a href=""https://www.ncbi.nlm.nih.gov/Taxonomy/Browser/wwwtax.cgi?mode=Info&id=385390"" target=""_blank"">385390</a>"
"Quercus acutissima","Chromosome","NGDC","<a href=""https://ngdc.cncb.ac.cn/gwh/Assembly/23419/show"" target=""_blank"">GWHBGBO00000000</a>","<a href=""https://www.ncbi.nlm.nih.gov/Taxonomy/Browser/wwwtax.cgi?mode=Info&id=58330"" target=""_blank"">58330</a>"
"Quercus dentata","Chromosome","NGDC","<a href=""https://ngdc.cncb.ac.cn/gwh/Assembly/30840/show"" target=""_blank"">GWHBRAD00000000</a>","<a href=""https://www.ncbi.nlm.nih.gov/Taxonomy/Browser/wwwtax.cgi?mode=Info&id=103484"" target=""_blank"">103484</a>"
"Quercus gilva","Chromosome","NGDC","<a href=""https://ngdc.cncb.ac.cn/gwh/Assembly/85940/show"" target=""_blank"">GWHEUVJ00000000.1</a>","<a href=""https://www.ncbi.nlm.nih.gov/Taxonomy/Browser/wwwtax.cgi?mode=Info&id=103490"" target=""_blank"">103490</a>"
"Quercus ilex","Chromosome","NCBI","<a href=""https://www.ncbi.nlm.nih.gov/datasets/genome/GCA_964341355.1/"" target=""_blank"">GCA_964341355.1</a>","<a href=""https://www.ncbi.nlm.nih.gov/Taxonomy/Browser/wwwtax.cgi?mode=Info&id=58334"" target=""_blank"">58334</a>"
"Quercus lobata","Chromosome","NCBI","<a href=""https://www.ncbi.nlm.nih.gov/datasets/genome/GCF_001633185.2/"" target=""_blank"">GCF_001633185.2</a>","<a href=""https://www.ncbi.nlm.nih.gov/Taxonomy/Browser/wwwtax.cgi?mode=Info&id=97700"" target=""_blank"">97700</a>"
"Quercus mongolica","Scaffold","TreeGenes","<a href=""https://treegenesdb.org/org/Quercus-mongolica"" target=""_blank"">TreeGenes Code: Qumo</a>","<a href=""https://www.ncbi.nlm.nih.gov/Taxonomy/Browser/wwwtax.cgi?mode=Info&id=103485"" target=""_blank"">103485</a>"
"Quercus robur","Chromosome","NCBI","<a href=""https://www.ncbi.nlm.nih.gov/datasets/genome/GCF_932294415.1/"" target=""_blank"">GCF_932294415.1</a>","<a href=""https://www.ncbi.nlm.nih.gov/Taxonomy/Browser/wwwtax.cgi?mode=Info&id=38942"" target=""_blank"">38942</a>"
"Quercus rubra","Chromosome","NGDC","<a href=""https://ngdc.cncb.ac.cn/gwh/ncbi_assembly/2098021/show"" target=""_blank"">GCA_035136125.1</a>","<a href=""https://www.ncbi.nlm.nih.gov/Taxonomy/Browser/wwwtax.cgi?mode=Info&id=3512"" target=""_blank"">3512</a>"
"Quercus suber","Scaffold","NCBI","<a href=""https://www.ncbi.nlm.nih.gov/datasets/genome/GCF_002906115.3/"" target=""_blank"">GCF_002906115.3</a>","<a href=""https://www.ncbi.nlm.nih.gov/Taxonomy/Browser/wwwtax.cgi?mode=Info&id=58331"" target=""_blank"">58331</a>"
"Quercus variabilis","Chromosome","NGDC","<a href=""https://ngdc.cncb.ac.cn/gwh/Assembly/85332/show"" target=""_blank"">GWHEUDB00000000.1</a>","<a href=""https://www.ncbi.nlm.nih.gov/Taxonomy/Browser/wwwtax.cgi?mode=Info&id=103481"" target=""_blank"">103481</a>"
